{"cameraMode":{"drawMode":0,"name":"Shaded","section":"Shading Mode"},"sceneLighting":true,"audioPlay":false,"sceneViewState":{"m_AlwaysRefresh":false,"showFog":true,"showSkybox":true,"showFlares":true,"showImageEffects":true,"showParticleSystems":true,"showVisualEffectGraphs":true,"m_FxEnabled":true},"in2DMode":false,"pivot":{"x":754.7610473632813,"y":395.7761535644531,"z":-86.22274017333985},"rotation":{"x":0.12001962959766388,"y":0.0014848976861685515,"z":-0.00017900046077556908,"w":0.9927720427513123},"size":12.910213470458985,"orthographic":false}